H	DW Extract Job Number(work on this)	2021-01-23 03:40:12.433426	data/20210123/mai50_z303_data
rec_type_cd	db_operation_cd	rec_trigger_key	z303_rec_key	z303_proxy_for_id	z303_primary_id	z303_name_key	z303_user_type	z303_user_library	z303_open_date	z303_update_date	z303_con_lng	z303_alpha	z303_name	z303_title	z303_delinq_1	z303_delinq_n_1	z303_delinq_1_update_date	z303_delinq_1_cat_name	z303_delinq_2	z303_delinq_n_2	z303_delinq_2_update_date	z303_delinq_2_cat_name	z303_delinq_3	z303_delinq_n_3	z303_delinq_3_update_date	z303_delinq_3_cat_name	z303_budget	z303_profile_id	z303_ill_library	z303_home_library	z303_field_1	z303_field_2	z303_field_3	z303_note_1	z303_note_2	z303_salutation	z303_ill_total_limit	z303_ill_active_limit	z303_dispatch_library	z303_birth_date	z303_export_consent	z303_proxy_id_type	z303_send_all_letters	z303_plain_html	z303_want_sms	z303_plif_modification	z303_title_req_limit	z303_gender	z303_birthplace	z303_upd_time_stamp	z303_last_name	z303_first_name
D	U	000000704631	000000704631	            		sumpter john f                        000000704631			20030604	20210123	ENG	L	SUMPTER, JOHN F		00		00000000		00		00000000		00		00000000					UC-SF							0000	0000		00000000	Y	00	Y				0000			202101230207174			
D	U	000000827993	000000827993	            		ahmad shawntae demitrice              000000827993			20050603	20210122	ENG	L	AHMAD, SHAWNTAE DEMITRICE		04	SEPARATING STAFF AS OF 1/18/2021 SMR	20210122	C4SUMXR   	00		00000000		00		00000000					SU-SU							0000	0000		00000000	Y	00	Y		N		0000			202101220921259			
D	U	000000905417	000000905417	            		carter pujeeta p                      000000905417			20060831	20210123	ENG	L	CARTER, PUJEETA P		04	HS HSL Graduating Senior, December 2012	20121205	C4HSVS    	04	sent a 30 day overdue notice letter and mailed 6/27/13 VS	20130628	C4HSVS    	00		00000000					HS-HS							0000	0000		00000000	Y	00	Y			B	0000			202101230131239			
D	U	000001017603	000001017603	            		visaloco antonino                     000001017603			20080821	20210123	ENG	L	VISALOCO, ANTONINO		00		00000000		00		00000000		00		00000000					UC-DE							0000	0000		00000000	Y	00	Y				0000			202101230207178			
D	U	000001103023	000001103023	            		ellis elisabeth m                     000001103023			20090904	20210123	ENG	L	ELLIS, ELISABETH M		00		00000000		00		00000000		00		00000000					HS-HS							0000	0000		00000000	Y	00	Y				0000			202101230131244			
D	U	000001197493	000001197493	            		smallwood sherry y                    000001197493			20110117	20210123	ENG	L	SMALLWOOD, SHERRY Y		00		00000000		00		00000000		00		00000000					UC-SF							0000	0000		00000000	Y	00	Y				0000			202101230207171			
D	U	000001207365	000001207365	            		silva joice f                         000001207365			20110302	20210123	ENG	L	SILVA, JOICE F		00		00000000		00		00000000		00		00000000					UC-SF							0000	0000		00000000	Y	00	Y				0000			202101230207170			
D	U	000001239217	000001239217	            		fishel dianne f                       000001239217			20110809	20210123	ENG	L	FISHEL, DIANNE F		00		00000000		00		00000000		00		00000000					UC-SF							0000	0000		00000000	Y	00	Y				0000			202101230207127			
D	U	000001251189	000001251189	            		kohlmeyer james l                     000001251189			20110818	20210123	ENG	L	KOHLMEYER, JAMES L		00		00000000		00		00000000		00		00000000					UC-SF							0000	0000		00000000	Y	00	Y				0000			202101230207146			
D	U	000001277678	000001277678	            		mcnally natalie p                     000001277678			20120118	20210123	ENG	L	MCNALLY, NATALIE P		00		00000000		00		00000000		00		00000000					HS-HS							0000	0000		00000000	Y	00	Y				0000			202101230131259			
D	U	000001311097	000001311097	            		crowell dale a                        000001311097			20120813	20210122	ENG	L	CROWELL, DALE A.		00		00000000		00		00000000		00		00000000									Patron pd $50.00 picked up CBC. per cc form. ey/mck 5/16/17			0000	0000		00000000	Y	00	Y		N		0000			202101221303161			
D	U	000001367179	000001367179	            		copeman david l                       000001367179			20130418	20210123	ENG	L	COPEMAN, DAVID L		00		00000000		00		00000000		00		00000000					UC-SF							0000	0000		00000000	Y	00	Y				0000			202101230207122			
D	U	000001385303	000001385303	            		hack samantha m                       000001385303			20130802	20210123	ENG	L	HACK, SAMANTHA M		04	Patron owes HSL over $50.00 (HS/CM)	20170509	C4HSHSUP  	00		00000000		00		00000000					HS-HS							0000	0000		00000000	Y	00	Y				0000			202101230131249			
D	U	000001389422	000001389422	            		veiga joseph v                        000001389422			20130812	20210123	ENG	L	VEIGA, JOSEPH V		00		00000000		00		00000000		00		00000000					UC-SF							0000	0000		00000000	Y	00	Y				0000			202101230207177			
D	U	000001421983	000001421983	            		yared jean a                          000001421983			20131102	20210123	ENG	L	YARED, JEAN A		00		00000000		00		00000000		00		00000000					HS-HS							0000	0000		00000000	Y	00	Y				0000			202101230131278			
D	U	000001460223	000001460223	            		reid jennifer m                       000001460223			20140724	20210122	ENG	L	REID, JENNIFER M		00		20210122	C25HS     	00		00000000		00		00000000					HS-HS	HS HS Graduating Senior, Spring 2018						0000	0000		00000000	Y	00	Y		N	B	0000			202101221338215			
D	U	000001496924	000001496924	            		ayodeji adeniyi g                     000001496924			20141013	20210123	ENG	L	AYODEJI, ADENIYI G		00		00000000		00		00000000		00		00000000					UC-SF							0000	0000		00000000	Y	00	Y				0000			202101230207110			
D	U	000001497038	000001497038	            		miller tiffanie m                     000001497038			20141013	20210123	ENG	L	MILLER, TIFFANIE M		00		00000000		00		00000000		00		00000000					UC-SF							0000	0000		00000000	Y	00	Y				0000			202101230207154			
D	U	000001509262	000001509262	            		curtis jason                          000001509262			20150126	20210123	ENG	L	CURTIS, JASON		00		00000000		00		00000000		00		00000000					UC-SF							0000	0000		00000000	Y	00	Y				0000			202101230207124			
D	U	000001522251	000001522251	            		mcmenamy jonathon m                   000001522251			20150511	20210123	ENG	L	MCMENAMY, JONATHON M		00		00000000		00		00000000		00		00000000					UC-SF							0000	0000		00000000	Y	00	Y				0000			202101230207153			
D	U	000001565182	000001565182	            		libit maria corazon l                 000001565182			20150831	20210123	ENG	L	LIBIT, MARIA CORAZON L		00		00000000		00		00000000		00		00000000					UC-SF							0000	0000		00000000	Y	00	Y				0000			202101230207149			
D	U	000001578336	000001578336	            		salomon matthew a                     000001578336			20151215	20210123	ENG	L	SALOMON, MATTHEW A		00		00000000		00		00000000		00		00000000					UC-SF							0000	0000		00000000	Y	00	Y				0000			202101230207166			
D	U	000001579904	000001579904	            		henning kyle                          000001579904			20160104	20210123	ENG	L	HENNING, KYLE		00		00000000		00		00000000		00		00000000					UC-SF							0000	0000		00000000	Y	00	Y				0000			202101230207137			
D	U	000001580200	000001580200	            		larkin mary m                         000001580200			20160104	20210123	ENG	L	LARKIN, MARY M		00		00000000		00		00000000		00		00000000					UC-SF							0000	0000		00000000	Y	00	Y				0000			202101230207147			
D	U	000001582780	000001582780	            		williams claudia                      000001582780			20160109	20210123	ENG	L	WILLIAMS, CLAUDIA		00		00000000		00		00000000		00		00000000					UC-SF							0000	0000		00000000	Y	00	Y				0000			202101230207182			
D	U	000001588459	000001588459	            		foster terrence r                     000001588459			20160125	20210123	ENG	L	FOSTER, TERRENCE R		00		00000000		00		00000000		00		00000000					UC-SF							0000	0000		00000000	Y	00	Y				0000			202101230207128			
D	U	000001589399	000001589399	            		royall travis m                       000001589399			20160125	20210123	ENG	L	ROYALL, TRAVIS M		00		00000000		00		00000000		00		00000000					UC-SF							0000	0000		00000000	Y	00	Y				0000			202101230207166			
D	U	000001590795	000001590795	            		hitt samantha e                       000001590795			20160201	20210123	ENG	L	HITT, SAMANTHA E		00		00000000		00		00000000		00		00000000					UC-SF							0000	0000		00000000	Y	00	Y				0000			202101230207138			
D	U	000001594620	000001594620	            		mccarty jody w                        000001594620			20160307	20210123	ENG	L	MCCARTY, JODY W		00		00000000		00		00000000		00		00000000					UC-SF							0000	0000		00000000	Y	00	Y				0000			202101230207151			
D	U	000001625518	000001625518	            		johnstone derrick s                   000001625518			20160815	20210123	ENG	L	JOHNSTONE, DERRICK S		00		00000000		00		00000000		00		00000000					UC-SF							0000	0000		00000000	Y	00	Y				0000			202101230207143			
D	U	000001646268	000001646268	            		jha priti                             000001646268			20160905	20210123	ENG	L	JHA, PRITI		00		00000000		00		00000000		00		00000000					UC-SF							0000	0000		00000000	Y	00	Y				0000			202101230207141			
D	U	000001649795	000001649795	            		proctor michelle m                    000001649795			20160926	20210123	ENG	L	PROCTOR, MICHELLE M		00		00000000		00		00000000		00		00000000					UC-SF							0000	0000		00000000	Y	00	Y				0000			202101230207162			
D	U	000001651255	000001651255	            		young armani                          000001651255			20161001	20210123	ENG	L	YOUNG, ARMANI		00		00000000		00		00000000		00		00000000					UC-SF							0000	0000		00000000	Y	00	Y				0000			202101230207183			
D	U	000001653116	000001653116	            		vallecillo alonzo                     000001653116			20161017	20210123	ENG	L	VALLECILLO, ALONZO		00		00000000		00		00000000		00		00000000					UC-SF							0000	0000		00000000	Y	00	Y				0000			202101230207177			
D	U	000001659485	000001659485	            		han susanna g                         000001659485			20170106	20210123	ENG	L	HAN, SUSANNA G		00		00000000		00		00000000		00		00000000					UC-SF							0000	0000		00000000	Y	00	Y				0000			202101230207135			
D	U	000001694650	000001694650	            		pizza louis a                         000001694650			20170425	20210123	ENG	L	PIZZA, LOUIS A		00		00000000		00		00000000		00		00000000					UC-SF							0000	0000		00000000	Y	00	Y				0000			202101230207161			
D	U	000001697564	000001697564	            		zandiatashbar samaneh                 000001697564			20170515	20210123	ENG	L	ZANDIATASHBAR, SAMANEH		00		00000000		00		00000000		00		00000000					UC-SF							0000	0000		00000000	Y	00	Y				0000			202101230207184			
D	U	000001748519	000001748519	            		anguah dei nana k                     000001748519			20170904	20210123	ENG	L	ANGUAH DEI, NANA K		00		00000000		00		00000000		00		00000000					UC-SF							0000	0000		00000000	Y	00	Y				0000			202101230207108			
D	U	000001752521	000001752521	            		laundrup katrina l                    000001752521			20170913	20210123	ENG	L	LAUNDRUP, KATRINA L		00		00000000		00		00000000		00		00000000					UC-SF							0000	0000		00000000	Y	00	Y				0000			202101230207148			
D	U	000001753264	000001753264	            		culler ciara a                        000001753264			20170921	20210123	ENG	L	CULLER, CIARA A		00		00000000		00		00000000		00		00000000					HS-HS	HS HS Graduating Senior, Spring 2020						0000	0000		00000000	Y	00	Y				0000			202101230131242			
D	U	000001753313	000001753313	            		agyemang danso joyce o                000001753313			20170921	20210123	ENG	L	AGYEMANG-DANSO, JOYCE O		00		00000000		00		00000000		00		00000000					UC-SF							0000	0000		00000000	Y	00	Y				0000			202101230207106			
D	U	000001753327	000001753327	            		grant nika                            000001753327			20170921	20210123	ENG	L	GRANT, NIKA		00		00000000		00		00000000		00		00000000					UC-SF							0000	0000		00000000	Y	00	Y				0000			202101230207133			
D	U	000001754174	000001754174	            		nesmith kendra                        000001754174			20170926	20210123	ENG	L	NESMITH, KENDRA		00		00000000		00		00000000		00		00000000					UC-SF							0000	0000		00000000	Y	00	Y				0000			202101230207156			
D	U	000001762530	000001762530	            		sherry amanda                         000001762530			20171227	20210123	ENG	L	SHERRY, AMANDA		00		00000000		00		00000000		00		00000000					UC-SF							0000	0000		00000000	Y	00	Y				0000			202101230207170			
D	U	000001763065	000001763065	            		class siidnee                         000001763065			20180101	20210123	ENG	L	CLASS, SIIDNEE		00		00000000		00		00000000		00		00000000					UC-SF							0000	0000		00000000	Y	00	Y				0000			202101230207119			
D	U	000001763445	000001763445	            		godinho sarah c                       000001763445			20180101	20210123	ENG	L	GODINHO, SARAH C		00		00000000		00		00000000		00		00000000					UC-SF							0000	0000		00000000	Y	00	Y				0000			202101230207132			
D	U	000001771234	000001771234	            		freeman augustine s                   000001771234			20180123	20210123	ENG	L	FREEMAN, AUGUSTINE S		00		00000000		00		00000000		00		00000000					UC-SF							0000	0000		00000000	Y	00	Y				0000			202101230207129			
D	U	000001778281	000001778281	            		pucci shellby                         000001778281			20180305	20210123	ENG	L	PUCCI, SHELLBY		00		00000000		00		00000000		00		00000000					UC-SF							0000	0000		00000000	Y	00	Y				0000			202101230207162			
D	U	000001779101	000001779101	            		burack christopher                    000001779101			20180308	20210123	ENG	L	BURACK, CHRISTOPHER		00		00000000		00		00000000		00		00000000					UC-SF							0000	0000		00000000	Y	00	Y				0000			202101230207117			
D	U	000001781127	000001781127	            		reese alexus                          000001781127			20180403	20210123	ENG	L	REESE, ALEXUS		00		00000000		00		00000000		00		00000000					UC-SF							0000	0000		00000000	Y	00	Y				0000			202101230207164			
D	U	000001781128	000001781128	            		reese miata                           000001781128			20180403	20210123	ENG	L	REESE, MIATA		00		00000000		00		00000000		00		00000000					UC-SF							0000	0000		00000000	Y	00	Y				0000			202101230207164			
D	U	000001785864	000001785864	            		schall brandon                        000001785864			20180514	20210123	ENG	L	SCHALL, BRANDON		00		00000000		00		00000000		00		00000000					UC-SF							0000	0000		00000000	Y	00	Y				0000			202101230207167			
D	U	000001786443	000001786443	            		gattison angela                       000001786443			20180515	20210123	ENG	L	GATTISON, ANGELA		00		00000000		00		00000000		00		00000000					UC-SF							0000	0000		00000000	Y	00	Y				0000			202101230207130			
D	U	000001794728	000001794728	            		pinder leeann m                       000001794728			20180611	20210123	ENG	L	PINDER, LEEANN M		00		00000000		00		00000000		00		00000000					UC-SF							0000	0000		00000000	Y	00	Y				0000			202101230207160			
D	U	000001797628	000001797628	            		conaway gordon sonjia                 000001797628			20180628	20210123	ENG	L	CONAWAY-GORDON, SONJIA		00		00000000		00		00000000		00		00000000					UC-SF							0000	0000		00000000	Y	00	Y				0000			202101230207122			
D	U	000001798264	000001798264	            		niyongere sandrine                    000001798264			20180702	20210123	ENG	L	NIYONGERE, SANDRINE		00		00000000		00		00000000		00		00000000					HS-HS							0000	0000		00000000	Y	00	Y				0000			202101230131264			
D	U	000001808073	000001808073	            		mcnally lauren m                      000001808073			20180803	20210123	ENG	L	MCNALLY, LAUREN M		00		00000000		00		00000000		00		00000000					HS-HS							0000	0000		00000000	Y	00	Y				0000			202101230131258			
D	U	000001808626	000001808626	            		wariebi doubra j                      000001808626			20180803	20210123	ENG	L	WARIEBI, DOUBRA J		00		00000000		00		00000000		00		00000000					HS-HS	HS HS Graduating Senior, Fall 2020						0000	0000		00000000	Y	00	Y				0000			202101230131276			
D	U	000001812837	000001812837	            		clement gary a                        000001812837			20180813	20210123	ENG	L	CLEMENT, GARY A		00		00000000		00		00000000		00		00000000					UC-SF							0000	0000		00000000	Y	00	Y				0000			202101230207120			
D	U	000001812869	000001812869	            		coles josey l                         000001812869			20180813	20210123	ENG	L	COLES, JOSEY L		00		00000000		00		00000000		00		00000000					UC-SF							0000	0000		00000000	Y	00	Y				0000			202101230207121			
D	U	000001814615	000001814615	            		raborg ryan r                         000001814615			20180813	20210123	ENG	L	RABORG, RYAN R		00		00000000		00		00000000		00		00000000					UC-SF							0000	0000		00000000	Y	00	Y				0000			202101230207163			
D	U	000001818736	000001818736	            		hull terrell                          000001818736			20180820	20210123	ENG	L	HULL, TERRELL		00		00000000		00		00000000		00		00000000					UC-SF							0000	0000		00000000	Y	00	Y				0000			202101230207139			
D	U	000001823720	000001823720	            		pimparkar ujwala a                    000001823720			20180823	20210123	ENG	L	PIMPARKAR, UJWALA A		00		00000000		00		00000000		00		00000000					HS-HS	(UMB EMPLOYMENT END 11/14/20  HS/CM)						0000	0000		00000000	Y	00	Y				0000			202101230131266			
D	U	000001833805	000001833805	            		johnson shadesha                      000001833805			20180824	20210123	ENG	L	JOHNSON, SHADESHA		00		00000000		00		00000000		00		00000000					UC-SF							0000	0000		00000000	Y	00	Y				0000			202101230207143			
D	U	000001835925	000001835925	            		hampton melanie                       000001835925			20180903	20210123	ENG	L	HAMPTON, MELANIE		00		00000000		00		00000000		00		00000000					UC-SF							0000	0000		00000000	Y	00	Y				0000			202101230207134			
D	U	000001836584	000001836584	            		long mary k                           000001836584			20180903	20210123	ENG	L	LONG, MARY K		00		00000000		00		00000000		00		00000000					UC-SF							0000	0000		00000000	Y	00	Y				0000			202101230207150			
D	U	000001839722	000001839722	            		banjo eniola                          000001839722			20180917	20210123	ENG	L	BANJO, ENIOLA		00		00000000		00		00000000		00		00000000					UC-SF							0000	0000		00000000	Y	00	Y				0000			202101230207111			
D	U	000001840430	000001840430	            		anyakwo mary                          000001840430			20180922	20210123	ENG	L	ANYAKWO, MARY		00		00000000		00		00000000		00		00000000					UC-SF							0000	0000		00000000	Y	00	Y				0000			202101230207109			
D	U	000001840852	000001840852	            		parrigin james l                      000001840852			20180924	20210123	ENG	L	PARRIGIN, JAMES L		00		00000000		00		00000000		00		00000000					UC-SF							0000	0000		00000000	Y	00	Y				0000			202101230207159			
D	U	000001843420	000001843420	            		kahl matthew                          000001843420			20181015	20210123	ENG	L	KAHL, MATTHEW		00		00000000		00		00000000		00		00000000					UC-SF							0000	0000		00000000	Y	00	Y				0000			202101230207145			
D	U	000001845389	000001845389	            		frifer hadi                           000001845389			20181020	20210123	ENG	L	FRIFER, HADI		00		00000000		00		00000000		00		00000000					UC-SF							0000	0000		00000000	Y	00	Y				0000			202101230207130			
D	U	000001851490	000001851490	            		ron adriana                           000001851490			20190107	20210123	ENG	L	RON, ADRIANA		00		00000000		00		00000000		00		00000000					UC-SF							0000	0000		00000000	Y	00	Y				0000			202101230207165			
D	U	000001854305	000001854305	            		pokhrel sharmila                      000001854305			20190111	20210123	ENG	L	POKHREL, SHARMILA		00		00000000		00		00000000		00		00000000					UC-SF							0000	0000		00000000	Y	00	Y				0000			202101230207161			
D	U	000001860553	000001860553	            		rono janet                            000001860553			20190128	20210123	ENG	L	RONO, JANET		00		00000000		00		00000000		00		00000000					UC-SF							0000	0000		00000000	Y	00	Y				0000			202101230207165			
D	U	000001861294	000001861294	            		cossentino cassandra                  000001861294			20190130	20210123	ENG	L	COSSENTINO, CASSANDRA		00		00000000		00		00000000		00		00000000					UC-SF							0000	0000		00000000	Y	00	Y				0000			202101230207123			
D	U	000001862495	000001862495	            		dasoberi issabella                    000001862495			20190205	20210123	ENG	L	DASOBERI, ISSABELLA		00		00000000		00		00000000		00		00000000					UC-SF							0000	0000		00000000	Y	00	Y				0000			202101230207125			
D	U	000001866307	000001866307	            		hunderman merissa r                   000001866307			20190311	20210123	ENG	L	HUNDERMAN, MERISSA R		00		00000000		00		00000000		00		00000000					UC-SF							0000	0000		00000000	Y	00	Y				0000			202101230207140			
D	U	000001872332	000001872332	            		harris amber n                        000001872332			20190513	20210123	ENG	L	HARRIS, AMBER N		00		00000000		00		00000000		00		00000000					UC-SF							0000	0000		00000000	Y	00	Y				0000			202101230207136			
D	U	000001873002	000001873002	            		omolabi falilat                       000001873002			20190513	20210123	ENG	L	OMOLABI, FALILAT		00		00000000		00		00000000		00		00000000					UC-SF							0000	0000		00000000	Y	00	Y				0000			202101230207157			
D	U	000001880891	000001880891	            		dilks steven                          000001880891			20190610	20210123	ENG	L	DILKS, STEVEN		00		00000000		00		00000000		00		00000000					UC-SF							0000	0000		00000000	Y	00	Y				0000			202101230207125			
D	U	000001882502	000001882502	            		johnson latonya d                     000001882502			20190613	20210123	ENG	L	JOHNSON, LATONYA D		00		00000000		00		00000000		00		00000000					UC-SF							0000	0000		00000000	Y	00	Y				0000			202101230207142			
D	U	000001883941	000001883941	            		wilson sakeithia                      000001883941			20190626	20210123	ENG	L	WILSON, SAKEITHIA		00		00000000		00		00000000		00		00000000					UC-SF							0000	0000		00000000	Y	00	Y				0000			202101230207183			
D	U	000001884511	000001884511	            		singh karndeep                        000001884511			20190628	20210123	ENG	L	SINGH, KARNDEEP		00		00000000		00		00000000		00		00000000					HS-HS	(UMB EMPLOYMENT END 10/31/20  HS/CM)						0000	0000		00000000	Y	00	Y				0000			202101230131271			
D	U	000001886891	000001886891	            		holt jennifer m                       000001886891			20190722	20210123	ENG	L	HOLT, JENNIFER M		00		00000000		00		00000000		00		00000000					UC-SF							0000	0000		00000000	Y	00	Y				0000			202101230207138			
D	U	000001893819	000001893819	            		freeman hannah r                      000001893819			20190801	20210123	ENG	L	FREEMAN, HANNAH R		00		00000000		00		00000000		00		00000000					ML-ML							0000	0000		00000000	Y	00	Y				0000			202101230131245			
D	U	000001893948	000001893948	            		menack sydney l                       000001893948			20190801	20210123	ENG	L	MENACK, SYDNEY L		00		00000000		00		00000000		00		00000000					ML-ML							0000	0000		00000000	Y	00	Y				0000			202101230131261			
D	U	000001894124	000001894124	            		winters crosby t                      000001894124			20190801	20210123	ENG	L	WINTERS, CROSBY T		00		00000000		00		00000000		00		00000000					HS-HS							0000	0000		00000000	Y	00	Y				0000			202101230131277			
D	U	000001894336	000001894336	            		comrie patricia p                     000001894336			20190803	20210123	ENG	L	COMRIE, PATRICIA P		00		00000000		00		00000000		00		00000000					HS-HS							0000	0000		00000000	Y	00	Y				0000			202101230131240			
D	U	000001894522	000001894522	            		sanderson charles                     000001894522			20190803	20210123	ENG	L	SANDERSON, CHARLES		00		00000000		00		00000000		00		00000000					HS-HS							0000	0000		00000000	Y	00	Y				0000			202101230131270			
D	U	000001894670	000001894670	            		ebue hailey marie c                   000001894670			20190803	20210123	ENG	L	EBUE, HAILEY MARIE C		00		00000000		00		00000000		00		00000000					HS-HS							0000	0000		00000000	Y	00	Y				0000			202101230131243			
D	U	000001895152	000001895152	            		shaw rebecca                          000001895152			20190803	20210123	ENG	L	SHAW, REBECCA		00		00000000		00		00000000		00		00000000					HS-HS	HS HS Graduating Senior, Fall 2020						0000	0000		00000000	Y	00	Y				0000			202101230131271			
D	U	000001895595	000001895595	            		leone andrea                          000001895595			20190806	20210123	ENG	L	LEONE, ANDREA		00		00000000		00		00000000		00		00000000					HS-HS	HS HS Graduating Senior, Spring 2020						0000	0000		00000000	Y	00	Y				0000			202101230131257			
D	U	000001897260	000001897260	            		agbaje falilu o                       000001897260			20190807	20210123	ENG	L	AGBAJE, FALILU O		00		00000000		00		00000000		00		00000000					HS-HS							0000	0000		00000000	Y	00	Y				0000			202101230131233			
D	U	000001901725	000001901725	            		esterak caitlin                       000001901725			20190814	20210123	ENG	L	ESTERAK, CAITLIN		00		00000000		00		00000000		00		00000000					HS-HS	HS HS Graduating Senior, Spring 2020						0000	0000		00000000	Y	00	Y				0000			202101230131244			
D	U	000001901840	000001901840	            		ahmad yashara                         000001901840			20190814	20210123	ENG	L	AHMAD, YASHARA		00		00000000		00		00000000		00		00000000					UC-SF							0000	0000		00000000	Y	00	Y				0000			202101230207107			
D	U	000001920118	000001920118	            		hallard lynn b                        000001920118			20190828	20210123	ENG	L	HALLARD, LYNN B		00		00000000		00		00000000		00		00000000					HS-HS							0000	0000		00000000	Y	00	Y				0000			202101230131250			
D	U	000001927069	000001927069	            		martin sache                          000001927069			20190925	20210123	ENG	L	MARTIN, SACHE		00		00000000		00		00000000		00		00000000					UC-SF							0000	0000		00000000	Y	00	Y				0000			202101230207151			
D	U	000001927647	000001927647	            		wheeler marisa g                      000001927647			20190927	20210123	ENG	L	WHEELER, MARISA G		00		00000000		00		00000000		00		00000000					UC-SF							0000	0000		00000000	Y	00	Y				0000			202101230207181			
D	U	000001928871	000001928871	            		haire patterson tristen               000001928871			20191014	20210123	ENG	L	HAIRE-PATTERSON, TRISTEN		00		00000000		00		00000000		00		00000000					UC-SF							0000	0000		00000000	Y	00	Y				0000			202101230207134			
D	U	000001932655	000001932655	            		martinez lizette                      000001932655			20191209	20210122	ENG	L	MARTINEZ, LIZETTE		04	BILLED AT STUDENT ACCOUNTS FOR LOST LAPTOP. 1-20-21 CC/BC	20210122	C4BCCHRC  	04	OVERDUE LAPTOP BILLED FOR LOST MUST BE RETURNED AND SHOULD NOT BE RENEWED. 1-22-21 CC/BC	20210122	C4BCCHRC  	00		00000000					BC-BC							0000	0000		00000000	Y	00	Y		N		0000			202101221242539			
D	U	000001933475	000001933475	            		ward sarah r                          000001933475			20191226	20210123	ENG	L	WARD, SARAH R		00		00000000		00		00000000		00		00000000					UC-SF							0000	0000		00000000	Y	00	Y				0000			202101230207180			
D	U	000001933978	000001933978	            		wolff abigail e                       000001933978			20200103	20210123	ENG	L	WOLFF, ABIGAIL E		00		00000000		00		00000000		00		00000000					HS-HS							0000	0000		00000000	Y	00	Y				0000			202101230131277			
D	U	000001940436	000001940436	            		stanton olivia                        000001940436			20200123	20210123	ENG	L	STANTON, OLIVIA		00		00000000		00		00000000		00		00000000					HS-HS							0000	0000		00000000	Y	00	Y				0000			202101230131273			
D	U	000001941193	000001941193	            		hann maurice                          000001941193			20200127	20210123	ENG	L	HANN, MAURICE		00		00000000		00		00000000		00		00000000					UC-SF							0000	0000		00000000	Y	00	Y				0000			202101230207136			
D	U	000001942555	000001942555	            		katz ilan r                           000001942555			20200129	20210122	ENG	L	KATZ, ILAN R		00		20210122	C4CPJVS   	00		00000000		00		00000000						Curbside Mask Compliance Warning sent 1/21/21 JVS						0000	0000		00000000	Y	00	Y		N		0000			202101221038522			
D	U	000001942965	000001942965	            		jackson meghan                        000001942965			20200130	20210123	ENG	L	JACKSON, MEGHAN		00		00000000		00		00000000		00		00000000					UC-SF							0000	0000		00000000	Y	00	Y				0000			202101230207141			
D	U	000001946184	000001946184	            		khan mohammed                         000001946184			20200218	20210123	ENG	L	KHAN, MOHAMMED		00		00000000		00		00000000		00		00000000					UC-SF							0000	0000		00000000	Y	00	Y				0000			202101230207146			
D	U	000001948118	000001948118	            		murchison brian k                     000001948118			20200309	20210123	ENG	L	MURCHISON, BRIAN K		00		00000000		00		00000000		00		00000000					UC-SF							0000	0000		00000000	Y	00	Y				0000			202101230207155			
D	U	000001948898	000001948898	            		johnson stacy                         000001948898			20200312	20210123	ENG	L	JOHNSON, STACY		00		00000000		00		00000000		00		00000000					UC-SF							0000	0000		00000000	Y	00	Y				0000			202101230207143			
D	U	000001949235	000001949235	            		ani nneze                             000001949235			20200316	20210123	ENG	L	ANI, NNEZE		00		00000000		00		00000000		00		00000000					UC-SF							0000	0000		00000000	Y	00	Y				0000			202101230207109			
D	U	000001949529	000001949529	            		hwang hyehyun                         000001949529			20200320	20210123	ENG	L	HWANG, HYEHYUN		00		00000000		00		00000000		00		00000000					HS-HS							0000	0000		00000000	Y	00	Y				0000			202101230131252			
D	U	000001951177	000001951177	            		dale rasheda                          000001951177			20200325	20210123	ENG	L	DALE, RASHEDA		00		00000000		00		00000000		00		00000000					UC-SF							0000	0000		00000000	Y	00	Y				0000			202101230207125			
D	U	000001954802	000001954802	            		bartee ashley                         000001954802			20200513	20210123	ENG	L	BARTEE, ASHLEY		00		00000000		00		00000000		00		00000000					UC-SF							0000	0000		00000000	Y	00	Y				0000			202101230207112			
D	U	000001954905	000001954905	            		boateng michael n                     000001954905			20200513	20210123	ENG	L	BOATENG, MICHAEL N		00		00000000		00		00000000		00		00000000					UC-SF							0000	0000		00000000	Y	00	Y				0000			202101230207114			
D	U	000001955075	000001955075	            		casabianca sabrina                    000001955075			20200513	20210123	ENG	L	CASABIANCA, SABRINA		00		00000000		00		00000000		00		00000000					UC-SF							0000	0000		00000000	Y	00	Y				0000			202101230207118			
D	U	000001956672	000001956672	            		patrick charles e                     000001956672			20200513	20210123	ENG	L	PATRICK, CHARLES E		00		00000000		00		00000000		00		00000000					UC-SF							0000	0000		00000000	Y	00	Y				0000			202101230207159			
D	U	000001958786	000001958786	            		brown jason                           000001958786			20200518	20210123	ENG	L	BROWN, JASON		00		00000000		00		00000000		00		00000000					UC-SF							0000	0000		00000000	Y	00	Y				0000			202101230207116			
D	U	000001963523	000001963523	            		allen michael                         000001963523			20200610	20210123	ENG	L	ALLEN, MICHAEL		00		00000000		00		00000000		00		00000000					UC-SF							0000	0000		00000000	Y	00	Y				0000			202101230207107			
D	U	000001964676	000001964676	            		raymond gina                          000001964676			20200610	20210123	ENG	L	RAYMOND, GINA		00		00000000		00		00000000		00		00000000					UC-SF							0000	0000		00000000	Y	00	Y				0000			202101230207163			
D	U	000001966313	000001966313	            		jones jasmyne                         000001966313			20200621	20210123	ENG	L	JONES, JASMYNE		00		00000000		00		00000000		00		00000000					UC-SF							0000	0000		00000000	Y	00	Y				0000			202101230207144			
D	U	000001967380	000001967380	            		lee ninotchka a                       000001967380			20200701	20210123	ENG	L	LEE, NINOTCHKA A		00		00000000		00		00000000		00		00000000					UC-SF							0000	0000		00000000	Y	00	Y				0000			202101230207149			
D	U	000001979021	000001979021	            		oladigbolu oluwaseyi a                000001979021			20200803	20210123	ENG	L	OLADIGBOLU, OLUWASEYI A		00		00000000		00		00000000		00		00000000					HS-HS							0000	0000		00000000	Y	00	Y				0000			202101230131265			
D	U	000001979177	000001979177	            		ravenwood liberty                     000001979177			20200803	20210123	ENG	L	RAVENWOOD, LIBERTY		00		00000000		00		00000000		00		00000000					HS-HS							0000	0000		00000000	Y	00	Y				0000			202101230131268			
D	U	000001979602	000001979602	            		wooten samiya                         000001979602			20200803	20210123	ENG	L	WOOTEN, SA'MIYA		00		00000000		00		00000000		00		00000000					HS-HS							0000	0000		00000000	Y	00	Y				0000			202101230131278			
D	U	000001979626	000001979626	            		young meghan a                        000001979626			20200803	20210123	ENG	L	YOUNG, MEGHAN A		00		00000000		00		00000000		00		00000000					HS-HS							0000	0000		00000000	Y	00	Y				0000			202101230131279			
D	U	000001983024	000001983024	            		adeoye adedayo o                      000001983024			20200812	20210123	ENG	L	ADEOYE, ADEDAYO O		00		00000000		00		00000000		00		00000000					UC-SF							0000	0000		00000000	Y	00	Y				0000			202101230207105			
D	U	000001983282	000001983282	            		benedetto ebony                       000001983282			20200812	20210123	ENG	L	BENEDETTO, EBONY		00		00000000		00		00000000		00		00000000					UC-SF							0000	0000		00000000	Y	00	Y				0000			202101230207113			
D	U	000001983691	000001983691	            		cohen brian                           000001983691			20200812	20210123	ENG	L	COHEN, BRIAN		00		00000000		00		00000000		00		00000000					UC-SF							0000	0000		00000000	Y	00	Y				0000			202101230207121			
D	U	000001983958	000001983958	            		dunn deron                            000001983958			20200812	20210123	ENG	L	DUNN, DERON		00		00000000		00		00000000		00		00000000					UC-SF							0000	0000		00000000	Y	00	Y				0000			202101230207126			
D	U	000001984280	000001984280	            		goldberg rebecca                      000001984280			20200812	20210123	ENG	L	GOLDBERG, REBECCA		00		00000000		00		00000000		00		00000000					UC-SF							0000	0000		00000000	Y	00	Y				0000			202101230207132			
D	U	000001985281	000001985281	            		michon julie                          000001985281			20200812	20210123	ENG	L	MICHON, JULIE		00		00000000		00		00000000		00		00000000					UC-SF							0000	0000		00000000	Y	00	Y				0000			202101230207153			
D	U	000001985292	000001985292	            		miller chinella                       000001985292			20200812	20210123	ENG	L	MILLER, CHINELLA		00		00000000		00		00000000		00		00000000					UC-SF							0000	0000		00000000	Y	00	Y				0000			202101230207154			
D	U	000001986187	000001986187	            		sheelor megan                         000001986187			20200812	20210123	ENG	L	SHEELOR, MEGAN		00		00000000		00		00000000		00		00000000					UC-SF							0000	0000		00000000	Y	00	Y				0000			202101230207169			
D	U	000001986255	000001986255	            		wilson alisha d                       000001986255			20200812	20210123	ENG	L	WILSON, ALISHA D		00		00000000		00		00000000		00		00000000					UC-SF							0000	0000		00000000	Y	00	Y				0000			202101230207182			
D	U	000001986389	000001986389	            		strange vivian a                      000001986389			20200812	20210123	ENG	L	STRANGE, VIVIAN A		00		00000000		00		00000000		00		00000000					UC-SF							0000	0000		00000000	Y	00	Y				0000			202101230207174			
D	U	000001995731	000001995731	            		zoss brandi                           000001995731			20200818	20210123	ENG	L	ZOSS, BRANDI		00		00000000		00		00000000		00		00000000					UC-SF							0000	0000		00000000	Y	00	Y				0000			202101230207184			
D	U	000001997180	000001997180	            		steliac daniel                        000001997180			20200820	20210123	ENG	L	STELIAC, DANIEL		00		00000000		00		00000000		00		00000000					UC-SF							0000	0000		00000000	Y	00	Y				0000			202101230207173			
D	U	000002001436	000002001436	            		shah pooja r                          000002001436			20200901	20210123	ENG	L	SHAH, POOJA R		00		00000000		00		00000000		00		00000000					HS-HS							0000	0000		00000000	Y	00	Y				0000			202101230131270			
D	U	000002003145	000002003145	            		strozyk mackenzie g                   000002003145			20200915	20210123	ENG	L	STROZYK, MACKENZIE G		00		00000000		00		00000000		00		00000000					ML-ML							0000	0000		00000000	Y	00	Y				0000			202101230131274			
D	U	000002004037	000002004037	            		forleh saah                           000002004037			20200916	20210123	ENG	L	FORLEH, SAAH		00		00000000		00		00000000		00		00000000					UC-SF							0000	0000		00000000	Y	00	Y				0000			202101230207128			
D	U	000002004497	000002004497	            		lascu david m                         000002004497			20200916	20210123	ENG	L	LASCU, DAVID M		00		00000000		00		00000000		00		00000000					UC-SF							0000	0000		00000000	Y	00	Y				0000			202101230207148			
D	U	000002005110	000002005110	            		scott anthony m                       000002005110			20200916	20210123	ENG	L	SCOTT, ANTHONY M		00		00000000		00		00000000		00		00000000					UC-SF							0000	0000		00000000	Y	00	Y				0000			202101230207168			
D	U	000002005204	000002005204	            		smith neil v                          000002005204			20200916	20210123	ENG	L	SMITH, NEIL V		00		00000000		00		00000000		00		00000000					UC-SF							0000	0000		00000000	Y	00	Y				0000			202101230207173			
D	U	000002005735	000002005735	            		billy ndifreke                        000002005735			20200918	20210123	ENG	L	BILLY, NDIFREKE		00		00000000		00		00000000		00		00000000					UC-SF							0000	0000		00000000	Y	00	Y				0000			202101230207114			
D	U	000002006166	000002006166	            		gill usama                            000002006166			20200923	20210123	ENG	L	GILL, USAMA		00		00000000		00		00000000		00		00000000					UC-SF							0000	0000		00000000	Y	00	Y				0000			202101230207132			
D	U	000002006706	000002006706	            		clauser jacqueline                    000002006706			20200930	20210123	ENG	L	CLAUSER, JACQUELINE		00		00000000		00		00000000		00		00000000					UC-SF							0000	0000		00000000	Y	00	Y				0000			202101230207120			
D	U	000002007411	000002007411	            		myers john                            000002007411			20201005	20210123	ENG	L	MYERS, JOHN		00		00000000		00		00000000		00		00000000					UC-SF							0000	0000		00000000	Y	00	Y				0000			202101230207156			
D	U	000002009092	000002009092	            		rosenfeld theresa                     000002009092			20201014	20210123	ENG	L	ROSENFELD, THERESA		00		00000000		00		00000000		00		00000000					UC-SF							0000	0000		00000000	Y	00	Y				0000			202101230207165			
D	U	000002009164	000002009164	            		seynemeier zachary                    000002009164			20201014	20210123	ENG	L	SEYNEMEIER, ZACHARY		00		00000000		00		00000000		00		00000000					UC-SF							0000	0000		00000000	Y	00	Y				0000			202101230207168			
D	U	000002009334	000002009334	            		townes ronnie                         000002009334			20201014	20210123	ENG	L	TOWNES, RONNIE		00		00000000		00		00000000		00		00000000					UC-SF							0000	0000		00000000	Y	00	Y				0000			202101230207176			
D	U	000002010018	000002010018	            		bell justice adreanne                 000002010018			20201021	20210123	ENG	L	BELL-JUSTICE, ADREANNE		00		00000000		00		00000000		00		00000000					UC-SF							0000	0000		00000000	Y	00	Y				0000			202101230207112			
D	U	000002010083	000002010083	            		mclaughlin nelson alayne              000002010083			20201021	20210123	ENG	L	MCLAUGHLIN-NELSON, ALAYNE		00		00000000		00		00000000		00		00000000					UC-SF							0000	0000		00000000	Y	00	Y				0000			202101230207152			
D	U	000002012122	000002012122	            		hess denise e                         000002012122			20201219	20210123	ENG	L	HESS, DENISE E		00		00000000		00		00000000		00		00000000					HS-HS							0000	0000		00000000	Y	00	Y				0000			202101230131251			
D	U	000002013152	000002013152	            		abraham yates mary                    000002013152			20210107	20210123	ENG	L	ABRAHAM-YATES, MARY		00		00000000		00		00000000		00		00000000					UC-SF							0000	0000		00000000	Y	00	Y				0000			202101230207104			
D	U	000002013185	000002013185	            		aguilar hannah                        000002013185			20210107	20210123	ENG	L	AGUILAR, HANNAH		00		00000000		00		00000000		00		00000000					UC-SF							0000	0000		00000000	Y	00	Y				0000			202101230207106			
D	U	000002013207	000002013207	            		aleses yasmien                        000002013207			20210107	20210123	ENG	L	ALESES, YASMIEN		00		00000000		00		00000000		00		00000000					UC-SF							0000	0000		00000000	Y	00	Y				0000			202101230207107			
D	U	000002013439	000002013439	            		benjamin erica                        000002013439			20210107	20210123	ENG	L	BENJAMIN, ERICA		00		00000000		00		00000000		00		00000000					UC-SF							0000	0000		00000000	Y	00	Y				0000			202101230207113			
D	U	000002013745	000002013745	            		cassingham harmony                    000002013745			20210107	20210123	ENG	L	CASSINGHAM, HARMONY		00		00000000		00		00000000		00		00000000					UC-SF							0000	0000		00000000	Y	00	Y				0000			202101230207119			
D	U	000002014684	000002014684	            		hassan nadia                          000002014684			20210107	20210123	ENG	L	HASSAN, NADIA		00		00000000		00		00000000		00		00000000					UC-SF							0000	0000		00000000	Y	00	Y				0000			202101230207137			
D	U	000002016047	000002016047	            		pondexter imonee                      000002016047			20210107	20210123	ENG	L	PONDEXTER, IMONEE		00		00000000		00		00000000		00		00000000					UC-SF							0000	0000		00000000	Y	00	Y				0000			202101230207162			
D	U	000002016354	000002016354	            		salvagni michael                      000002016354			20210107	20210123	ENG	L	SALVAGNI, MICHAEL		00		00000000		00		00000000		00		00000000					UC-SF							0000	0000		00000000	Y	00	Y				0000			202101230207167			
D	U	000002016737	000002016737	            		thomas larry                          000002016737			20210107	20210123	ENG	L	THOMAS, LARRY		00		00000000		00		00000000		00		00000000					UC-SF							0000	0000		00000000	Y	00	Y				0000			202101230207175			
D	U	000002016743	000002016743	            		thomas stephanie                      000002016743			20210107	20210123	ENG	L	THOMAS, STEPHANIE		00		00000000		00		00000000		00		00000000					UC-SF							0000	0000		00000000	Y	00	Y				0000			202101230207176			
D	U	000002017125	000002017125	            		winther james j                       000002017125			20210107	20210123	ENG	L	WINTHER, JAMES J		00		00000000		00		00000000		00		00000000					UC-SF							0000	0000		00000000	Y	00	Y				0000			202101230207183			
D	U	000002017305	000002017305	            		ferguson lola                         000002017305			20210108	20210123	ENG	L	FERGUSON, LOLA		00		00000000		00		00000000		00		00000000					UC-SF							0000	0000		00000000	Y	00	Y				0000			202101230207127			
D	U	000002017330	000002017330	            		honiberg zachary                      000002017330			20210108	20210123	ENG	L	HONIBERG, ZACHARY		00		00000000		00		00000000		00		00000000					UC-SF							0000	0000		00000000	Y	00	Y				0000			202101230207139			
D	U	000002017497	000002017497	            		joiner christopher                    000002017497			20210109	20210123	ENG	L	JOINER, CHRISTOPHER		00		00000000		00		00000000		00		00000000					UC-SF							0000	0000		00000000	Y	00	Y				0000			202101230207144			
D	U	000002017600	000002017600	            		gies john                             000002017600			20210110	20210123	ENG	L	GIES, JOHN		00		00000000		00		00000000		00		00000000					UC-SF							0000	0000		00000000	Y	00	Y				0000			202101230207131			
D	U	000002017764	000002017764	            		baker zachary                         000002017764			20210111	20210123	ENG	L	BAKER, ZACHARY		00		00000000		00		00000000		00		00000000					UC-SF							0000	0000		00000000	Y	00	Y				0000			202101230207110			
D	U	000002019852	000002019852	            		bromfield lanny                       000002019852			20210114	20210123	ENG	L	BROMFIELD, LANNY		00		00000000		00		00000000		00		00000000					UC-SF							0000	0000		00000000	Y	00	Y				0000			202101230207115			
D	U	000002019856	000002019856	            		burrows denise j                      000002019856			20210114	20210123	ENG	L	BURROWS, DENISE J		00		00000000		00		00000000		00		00000000					UC-SF							0000	0000		00000000	Y	00	Y				0000			202101230207118			
D	U	000002019968	000002019968	            		o connor andrew                       000002019968			20210114	20210123	ENG	L	O CONNOR, ANDREW		00		00000000		00		00000000		00		00000000					UC-SF							0000	0000		00000000	Y	00	Y				0000			202101230207157			
D	U	000002019979	000002019979	            		paraway kiara m                       000002019979			20210114	20210123	ENG	L	PARAWAY, KIARA M		00		00000000		00		00000000		00		00000000					UC-SF							0000	0000		00000000	Y	00	Y				0000			202101230207158			
D	U	000002020238	000002020238	            		brinton brady                         000002020238			20210115	20210123	ENG	L	BRINTON, BRADY		00		00000000		00		00000000		00		00000000					UC-SF							0000	0000		00000000	Y	00	Y				0000			202101230207115			
D	U	000002020245	000002020245	            		evans bryson                          000002020245			20210115	20210123	ENG	L	EVANS, BRYSON		00		00000000		00		00000000		00		00000000					UC-SF							0000	0000		00000000	Y	00	Y				0000			202101230207126			
D	U	000002020264	000002020264	            		parker diane                          000002020264			20210115	20210123	ENG	L	PARKER, DIANE		00		00000000		00		00000000		00		00000000					UC-SF							0000	0000		00000000	Y	00	Y				0000			202101230207158			
D	U	000002020295	000002020295	            		mcmanus dillon                        000002020295			20210116	20210123	ENG	L	MCMANUS, DILLON		00		00000000		00		00000000		00		00000000					UC-SF							0000	0000		00000000	Y	00	Y				0000			202101230207152			
D	U	000002021168	000002021168	            		riley stephanie m                     000002021168			20210121	20210123	ENG	L	RILEY, STEPHANIE M		00		00000000		00		00000000		00		00000000					HS-HS							0000	0000		00000000	Y	00	Y				0000			202101230131269			
D	I	000002021623	000002021623	            		andrea pain                           000002021623			20210122	20210122	ENG	L	Andrea Pain	Dr        	00		20210122	C3CETM    	00		20210122	C3CETM    	00		20210122	C3CETM    				CE-HP							0000	0000		19860127	N	00	Y		N		0000	F		202101221453374			
D	I	000002021624	000002021624	            		gualtieri reed thomas p               000002021624			20210123	20210123	ENG	L	GUALTIERI-REED, THOMAS P		00		00000000		00		00000000		00		00000000					HS-HS							0000	0000		00000000	Y	00	Y				0000			202101230131246			
D	I	000002021625	000002021625	            		jean gazuella l                       000002021625			20210123	20210123	ENG	L	JEAN, GAZUELLA L		00		00000000		00		00000000		00		00000000					HS-HS							0000	0000		00000000	Y	00	Y				0000			202101230131253			
D	I	000002021626	000002021626	            		kavaliauskas povilas                  000002021626			20210123	20210123	ENG	L	KAVALIAUSKAS, POVILAS		00		00000000		00		00000000		00		00000000					HS-HS							0000	0000		00000000	Y	00	Y				0000			202101230131254			
D	I	000002021627	000002021627	            		lee battle kimberly m                 000002021627			20210123	20210123	ENG	L	LEE-BATTLE, KIMBERLY M		00		00000000		00		00000000		00		00000000					HS-HS							0000	0000		00000000	Y	00	Y				0000			202101230131256			
D	I	000002021628	000002021628	            		maheshwari sweta                      000002021628			20210123	20210123	ENG	L	MAHESHWARI, SWETA		00		00000000		00		00000000		00		00000000					HS-HS							0000	0000		00000000	Y	00	Y				0000			202101230131257			
D	I	000002021629	000002021629	            		miller alaina r                       000002021629			20210123	20210123	ENG	L	MILLER, ALAINA R		00		00000000		00		00000000		00		00000000					HS-HS							0000	0000		00000000	Y	00	Y				0000			202101230131261			
D	I	000002021630	000002021630	            		nasim faria                           000002021630			20210123	20210123	ENG	L	NASIM, FARIA		00		00000000		00		00000000		00		00000000					HS-HS							0000	0000		00000000	Y	00	Y				0000			202101230131263			
D	I	000002021631	000002021631	            		paudel bimal                          000002021631			20210123	20210123	ENG	L	PAUDEL, BIMAL		00		00000000		00		00000000		00		00000000					HS-HS							0000	0000		00000000	Y	00	Y				0000			202101230131265			
D	I	000002021632	000002021632	            		rakochi adrian m                      000002021632			20210123	20210123	ENG	L	RAKOCHI, ADRIAN M		00		00000000		00		00000000		00		00000000					HS-HS							0000	0000		00000000	Y	00	Y				0000			202101230131267			
D	I	000002021633	000002021633	            		singh suruchi                         000002021633			20210123	20210123	ENG	L	SINGH, SURUCHI		00		00000000		00		00000000		00		00000000					HS-HS							0000	0000		00000000	Y	00	Y				0000			202101230131272			
D	I	000002021634	000002021634	            		tyler vivian b                        000002021634			20210123	20210123	ENG	L	TYLER, VIVIAN B		00		00000000		00		00000000		00		00000000					HS-HS							0000	0000		00000000	Y	00	Y				0000			202101230131275			
D	I	000002021635	000002021635	            		watters eric r                        000002021635			20210123	20210123	ENG	L	WATTERS, ERIC R		00		00000000		00		00000000		00		00000000					UC-SF							0000	0000		00000000	Y	00	Y				0000			202101230207180			
T	2021-01-23 03:40:12.537551	191
